input_index,input_x,input_y,polygon_index,tree_top_x,tree_top_y,tree_height,centre_x,centre_y
0,621374.589241821,7741183.572786122,0,621374.5993274441,7741182.903203077,194.0,621373.8008984672,7741183.161547618
1,621378.3426125029,7741183.154127788,1,621378.5655399265,7741181.402875508,233.0,621377.7170122556,7741181.994555315
2,621381.0168770135,7741182.2396532735,2,621381.2393910384,7741181.878226818,210.0,621381.7388696943,7741181.737561542
3,621371.4834537817,7741191.857597667,3,621371.8214932336,7741190.508824017,219.0,621371.9018041603,7741191.605474449
4,621375.3532964122,7741190.833386826,4,621376.30762121,7741190.642516573,229.0,621376.1888698047,7741190.601344344
5,621379.6651923308,7741188.178038355,5,621378.6249588402,7741188.473726227,227.0,621380.2723185469,7741189.636370164
6,621383.0939226655,7741189.495274897,6,621384.7748163973,7741189.36500993,234.0,621384.304118483,7741189.03867077
7,621388.6981893507,7741189.151496519,7,621388.8450119786,7741189.394719387,255.0,621388.3447554961,7741188.258131075
8,621386.158956612,7741182.641924388,8,621385.8592115704,7741181.432584966,199.0,621385.9687371367,7741181.303945685
9,621393.0878190361,7741188.063792463,9,621392.7369508191,7741188.191486387,253.0,621392.3964693743,7741187.356683697
10,621394.9012659701,7741185.444195453,10,621395.3959472025,7741186.631739904,241.0,621396.2534623786,7741186.46221018
11,621400.6561741931,7741186.36602927,11,621399.4512880554,7741184.596642114,235.0,621400.2308188904,7741185.628148315
12,621405.0903751834,7741184.775418108,12,621405.5268719705,7741185.725601472,219.0,621404.3251895494,7741185.080155997
13,621408.926049321,7741184.614676383,13,621409.2554087987,7741184.151000262,213.0,621408.4582289766,7741183.888601717
14,621412.688375732,7741181.452446792,14,621411.6618747993,7741181.521713335,233.0,621412.3949926964,7741182.880130746
15,621371.2494116345,7741198.919285652,16,621372.7870505794,7741198.976019205,244.0,621372.9136689093,7741199.488503806
16,621372.140206993,7741198.246168059,16,621372.7870505794,7741198.976019205,244.0,621372.9136689093,7741199.488503806
17,621415.7623271499,7741182.23094746,17,621415.7023609238,7741181.150345125,187.0,621416.4996607326,7741181.870552441
18,621376.0032906536,7741199.6776134195,18,621375.0004051109,7741199.555353612,212.0,621376.1936420173,7741198.69576768
19,621379.7184775866,7741198.56175578,19,621379.6796445565,7741198.27784697,239.0,621380.0307606144,7741198.075602653
20,621382.4595773629,7741196.508818602,20,621384.1806272614,7741195.871380969,253.0,621383.9206488766,7741196.821011611
21,621387.5346380434,7741194.855364903,21,621386.809914188,7741196.851793043,227.0,621387.8787476112,7741196.2587034395
22,621392.1440503069,7741195.537601669,22,621392.3061636955,7741196.628972117,255.0,621391.8754597357,7741195.473407374
23,621397.131700663,7741193.40333898,23,621395.187981005,7741194.84640471,210.0,621395.8600431597,7741194.542956264
24,621400.6239192832,7741194.7731090095,24,621399.8375109938,7741192.692469091,210.0,621399.985769972,7741193.3709584875
25,621402.794124612,7741193.270895503,25,621404.3682031553,7741193.034127845,255.0,621403.9207403694,7741192.563521687
26,621407.7239423692,7741192.811049703,26,621409.3445371691,7741191.3109793505,243.0,621407.9708782176,7741191.75260783
27,621410.6897215362,7741190.546831932,27,621411.1568140337,7741190.85048277,224.0,621412.1295675283,7741190.875681264
28,621415.8449142794,7741188.9009457,28,621416.5639351709,7741190.404840918,202.0,621415.7411440914,7741189.8700619
29,621418.9821045122,7741189.942648075,29,621419.4606072088,7741188.845094437,248.0,621419.5202886933,7741188.7354669785
30,621422.362624945,7741188.91432383,30,621422.3127150612,7741187.433895239,214.0,621423.3119795505,7741187.626926572
31,621427.2439583787,7741186.73645011,31,621427.3930321736,7741185.47307109,225.0,621427.4173560468,7741186.529165493
32,621430.8434355943,7741186.984866304,32,621431.8940148785,7741185.235395435,234.0,621431.1439945032,7741185.559193232
33,621436.4799043726,7741184.973909119,33,621436.6178185093,7741184.195564447,254.0,621435.0704438302,7741184.305459313
34,621438.6143120332,7741181.601529224,34,621438.2518386332,7741181.848517361,217.0,621438.7844956215,7741182.909256353
35,621441.6817830713,7741180.472432109,35,621443.6886692273,7741183.066605089,234.0,621442.8329641039,7741181.923913153
36,621369.7298966342,7741209.156948028,36,621367.5878956398,7741208.512754836,229.0,621368.6585404485,7741208.161509793
37,621371.7661166756,7741208.527067736,37,621372.1928614434,7741208.230514997,206.0,621371.7820391244,7741207.473706892
38,621374.5730923319,7741205.472979474,38,621375.1340976665,7741206.80446107,222.0,621375.1988501189,7741206.821095367
39,621380.564259524,7741206.817598109,39,621378.2535906303,7741206.388528675,226.0,621379.218019912,7741206.214510491
40,621382.5173966227,7741206.56226817,40,621383.8835326934,7741205.942886824,212.0,621382.9617343931,7741205.233724038
41,621387.1860551023,7741203.913240964,41,621386.6762216324,7741204.561397082,218.0,621386.961224565,7741204.569888259
42,621390.4401339632,7741204.19269962,42,621390.3750490037,7741203.536420823,221.0,621390.8004445867,7741203.485631667
43,621394.2859679953,7741201.185325275,43,621395.3810924741,7741201.4567588465,237.0,621394.5814382199,7741202.641312059
44,621399.7743414957,7741202.300368493,44,621399.5255616974,7741202.437170921,221.0,621398.7870715242,7741201.692644985
45,621401.5278806537,7741200.049792113,45,621403.1649701552,7741202.377752007,202.0,621402.7989643369,7741200.955945034
46,621407.3560404475,7741200.324934792,46,621406.8192333411,7741200.119833291,202.0,621406.97866187,7741200.2659834195
47,621410.0130149451,7741200.444059544,47,621411.2162329473,7741199.644481982,218.0,621410.7078583749,7741199.129335116
48,621413.0407109704,7741198.608014672,48,621413.622698948,7741197.416272722,224.0,621414.5230749049,7741198.061248998
49,621419.743535588,7741198.358111203,49,621417.9157154552,7741197.25287071,245.0,621418.4479431682,7741197.256615664
50,621422.7718090346,7741194.76674986,50,621422.6989379996,7741195.901090425,220.0,621422.334148594,7741196.056658718
51,621427.5641110677,7741195.71883787,51,621426.1749444449,7741194.148232475,216.0,621426.3078581321,7741194.99470621
52,621430.3988368154,7741195.119562265,52,621430.274849483,7741195.009806722,238.0,621430.2416198088,7741194.16122083
53,621432.9834395315,7741191.87463706,53,621435.2363287682,7741193.717445351,239.0,621433.9452341525,7741193.17278287
54,621439.7300253402,7741192.621751135,54,621439.02428451,7741191.236705708,233.0,621438.2845881782,7741192.052380005
55,621441.0901272693,7741191.293069467,55,621441.1930748563,7741190.687080758,216.0,621441.952066881,7741190.708130259
56,621444.7152011414,7741188.516785105,56,621445.7386217463,7741188.295469485,240.0,621445.9222293519,7741189.756625029
57,621450.5913869881,7741189.854510134,57,621450.1801855376,7741187.686425621,221.0,621449.795258025,7741188.492643277
58,621452.4998875078,7741186.720079443,58,621453.3145332298,7741188.236050572,227.0,621453.4130794327,7741187.322358492
59,621458.625272347,7741186.961186169,59,621457.6224044655,7741185.220540707,218.0,621457.4095755252,7741185.909880364
60,621460.6497253749,7741185.181172887,60,621461.7520189603,7741185.413652177,229.0,621461.5291954625,7741184.868631957
61,621464.7664312569,7741183.104029437,61,621465.0943328501,7741183.512246941,247.0,621465.3678301558,7741183.402688967
62,621470.7602713922,7741181.747321735,62,621469.6695891969,7741183.408263843,239.0,621469.4748663469,7741182.130580139
63,621474.5337867524,7741181.928067163,63,621472.7890821607,7741181.84851736,226.0,621473.3499717708,7741181.226383536
64,621447.5165146795,7741181.869767696,64,621446.8081621911,7741181.655405891,180.0,621446.7353805975,7741180.989287382
65,621366.9803140126,7741213.985643144,65,621366.0430038864,7741215.61331501,226.0,621367.5067616644,7741215.257523632
66,621370.8855988614,7741214.440952363,66,621371.6283817643,7741215.865845393,214.0,621371.4869181995,7741214.744599673
67,621375.7003482895,7741214.00140068,67,621375.5500300616,7741213.5187983075,225.0,621375.6064877904,7741213.889916444
68,621380.3263772111,7741214.365924515,68,621379.9470296677,7741214.439791467,211.0,621379.7341998109,7741213.291050581
69,621382.5762627451,7741213.2057703715,69,621383.645857039,7741212.909754443,240.0,621383.7082092707,7741212.110777502
70,621386.740377047,7741212.709711225,70,621387.1515729411,7741212.137308565,210.0,621387.7035589038,7741211.602919828
71,621391.892075742,7741210.905389626,71,621391.3406063496,7741211.483700516,229.0,621391.3807380513,7741210.636885282
72,621396.2977508708,7741208.984043438,72,621396.0198457952,7741210.354741158,211.0,621395.4584171181,7741209.8069905
73,621400.2987457673,7741209.862336603,73,621400.3277170309,7741209.478312182,247.0,621399.3123900804,7741209.075193306
74,621403.5494113457,7741208.389031316,74,621404.5316051678,7741207.621471132,246.0,621403.5049149089,7741208.031106968
75,621408.126044899,7741207.435290489,75,621407.4876961192,7741207.339231293,219.0,621407.5193731064,7741207.17727387
76,621410.1590937044,7741204.966368545,76,621412.879962528,7741206.1805624785,203.0,621411.5002983302,7741206.364496607
77,621416.4381305812,7741204.657407317,77,621415.5835230965,7741206.566785416,250.0,621415.3720416841,7741205.246404703
78,621418.6249010931,7741203.075196147,78,621419.4606072087,7741205.2892787745,210.0,621419.0224367429,7741204.3886781065
79,621423.6592884149,7741203.517931928,79,621424.5557790495,7741203.001650601,247.0,621423.2586729636,7741203.211400118
80,621425.7651297387,7741203.090685234,80,621426.5017484698,7741202.496589835,232.0,621427.2516150256,7741202.274135609
81,621430.9451247078,7741201.600815665,81,621431.1364237302,7741201.902400699,243.0,621430.8959799455,7741201.370007189
82,621435.0520783267,7741200.697243071,82,621436.3355786698,7741200.342654217,237.0,621435.0429594725,7741200.505124764
83,621439.7272460469,7741200.638500169,83,621439.2173959791,7741199.377096871,239.0,621438.9895716102,7741199.256627141
84,621444.1576059002,7741198.501303657,84,621443.8520712396,7741198.54523208,209.0,621442.8034709316,7741198.115779425
85,621447.5858616995,7741195.430368124,85,621446.8527263761,7741196.792374129,233.0,621446.7289432179,7741196.786739905
86,621450.3768333849,7741195.134482013,86,621451.7547867477,7741196.851793043,216.0,621450.5122844696,7741195.788850692
87,621453.6736303531,7741193.790806032,87,621453.9384318225,7741194.727566882,231.0,621454.7815697998,7741194.43463526
88,621457.5610117166,7741193.803883704,88,621459.2564245893,7741194.059104104,226.0,621458.5469406431,7741193.157331607
89,621461.6680358534,7741192.022129968,89,621463.1335087015,7741192.900435288,226.0,621462.4475104994,7741192.037043053
90,621465.6330235511,7741192.020638591,90,621466.6837887887,7741191.236705708,202.0,621466.5993950091,7741190.833149873
91,621470.6376296263,7741188.791962909,91,621470.1449405056,7741189.498702485,238.0,621470.6309469038,7741189.372176124
92,621473.9248283427,7741187.490725204,92,621475.448078544,7741187.508168881,245.0,621474.3844664464,7741187.930016567
93,621476.796171583,7741187.372362499,93,621477.8396898162,7741187.13680067,233.0,621478.0934929033,7741186.802549583
94,621481.863124298,7741185.428695068,94,621481.9395948543,7741186.260371695,222.0,621482.0412570689,7741185.580536427
95,621484.4929870991,7741182.954530298,95,621485.1630709169,7741185.265104893,221.0,621485.7781124678,7741184.140713602
96,621490.2003127016,7741181.264981693,96,621491.0603980913,7741182.858638892,218.0,621489.7819326041,7741182.452282982
97,621494.4347690513,7741180.72103633,97,621492.5904351163,7741181.610841706,213.0,621493.4874401201,7741181.038249321
98,621366.4011606656,7741224.367615683,98,621364.7803519724,7741223.679432532,212.0,621365.9623101292,7741223.313833013
99,621369.4550227528,7741223.586617702,99,621370.0686352825,7741223.649723074,217.0,621370.0830179934,7741222.6177258
100,621374.30894097,7741223.078703109,100,621374.1239761353,7741221.37694963,230.0,621374.238153455,7741221.896538073
101,621377.7043133451,7741222.002304757,101,621379.1894385193,7741221.629480013,242.0,621378.3799113149,7741221.221007429
102,621381.4983079215,7741221.083766446,102,621381.4622119644,7741221.154128703,236.0,621382.6419638823,7741220.319739825
103,621385.2543609436,7741218.607014678,103,621386.3494176075,7741219.980605161,224.0,621386.3298997412,7741219.6236641975
104,621389.0798775344,7741219.451260194,104,621391.3703158065,7741217.678122259,223.0,621390.3740854355,7741218.560307889
105,621394.6864549249,7741219.032129266,105,621394.8017580665,7741218.198037753,218.0,621394.4050478932,7741217.5636511985
106,621399.2660528581,7741217.135160664,106,621399.5552711542,7741217.588993888,254.0,621398.6014873674,7741217.052476081
107,621401.5008144741,7741215.425853466,107,621402.5113621056,7741215.954973764,233.0,621402.6262274683,7741216.306330976
108,621407.8294976249,7741216.683660675,108,621405.8536759953,7741215.910409579,211.0,621406.8524285133,7741215.312734441
109,621410.680909085,7741214.622212011,109,621410.3398039718,7741213.11772064,205.0,621410.6586074578,7741214.460840442
110,621413.3114916496,7741213.026003758,110,621413.4444422072,7741213.905021245,213.0,621414.6986417595,7741213.628156367
111,621420.179172465,7741213.402005176,111,621418.7921444307,7741211.127187035,210.0,621418.9749734493,7741212.399243419
112,621423.8022731494,7741210.915596754,112,621423.2485629504,7741212.805771343,215.0,621422.9766644066,7741211.805466083
113,621425.6855642955,7741211.342218177,113,621426.0115424326,7741210.755818824,210.0,621426.8079049607,7741210.684232094
114,621432.3204038064,7741209.504106319,114,621429.5172583347,7741210.384450614,220.0,621430.8277774772,7741209.67202787
115,621435.9128245569,7741207.25129999,115,621436.083048287,7741209.730842564,230.0,621435.1265459877,7741208.3916474115
116,621440.3489724679,7741206.824566944,116,621438.28154809,7741207.250102922,224.0,621439.0124722584,7741207.250784352
117,621441.3770234805,7741205.069523595,117,621443.4807030297,7741205.482390244,208.0,621442.6591161204,7741206.1556290295
118,621447.3788774402,7741204.137820547,118,621447.7440100802,7741205.705211168,236.0,621446.8134247147,7741204.827446696
119,621454.5062145136,7741203.011748941,119,621455.334776292,7741202.556008749,235.0,621454.5275024247,7741202.412187103
120,621458.1174759911,7741202.189234753,120,621459.5386644289,7741200.075269106,237.0,621458.7440743973,7741201.326611636
121,621462.2328950529,7741198.638960264,121,621462.1828060838,7741199.897012365,228.0,621462.7422420644,7741200.070939233
122,621466.3145787624,7741198.705694141,122,621467.515653579,7741199.391951599,254.0,621466.5802109132,7741198.8032603385
123,621471.2897822177,7741198.061206436,123,621470.234068876,7741196.42100592,251.0,621470.5081935856,7741197.55155402
124,621478.4535982269,7741196.357898448,124,621479.5331288537,7741196.450715376,229.0,621478.4834666635,7741195.053868885
125,621480.9713988825,7741195.18891967,125,621482.0881421382,7741195.024661451,249.0,621482.1223532325,7741193.751543089
126,621487.3094283616,7741191.615922064,126,621485.5938580405,7741192.930144746,225.0,621485.9239427089,7741192.255581319
127,621490.2534343285,7741190.864633663,127,621489.3223948686,7741190.226584177,224.0,621490.0150775444,7741190.973224802
128,621492.8960915982,7741190.746261057,128,621492.8132560423,7741188.651982968,225.0,621493.7406186449,7741189.557287677
129,621496.2436943281,7741187.411505197,129,621498.1758129942,7741187.121945942,227.0,621497.6142182802,7741187.83126973
130,621501.8139169744,7741187.348301298,130,621500.136637143,7741186.319790608,205.0,621501.6146360661,7741186.378233395
131,621505.0428548345,7741185.972390963,131,621505.2912278974,7741184.151000262,211.0,621505.0764308231,7741184.661459409
132,621507.3671756758,7741182.393383186,132,621507.9502242808,7741181.937645731,202.0,621508.5358317331,7741182.909049072
133,621363.4577656912,7741231.124360801,133,621365.0477370836,7741229.933273187,221.0,621364.6038661081,7741230.767825084
134,621367.1638777468,7741230.19226566,134,621368.2415036894,7741230.7354285205,200.0,621367.4672253369,7741230.357643661
135,621369.1110158609,7741229.181583774,135,621370.4102940356,7741230.794847434,194.0,621370.3304261245,7741229.83340569
136,621373.6889935535,7741229.04881552,136,621375.7579962591,7741229.665888077,249.0,621374.3394504032,7741229.597922442
137,621379.31959239,7741227.85939058,137,621379.5459520009,7741228.388381434,212.0,621378.3880999979,7741228.817565119
138,621383.0366123945,7741228.23659353,138,621381.8632896311,7741229.383648237,217.0,621382.3598033268,7741228.098858755
139,621385.9847651821,7741225.864500999,139,621385.7997926568,7741227.214857891,217.0,621386.3194274193,7741227.197112624
140,621390.0212411534,7741227.086050174,140,621390.4938868309,7741226.175026903,225.0,621390.3029221208,7741226.47057122
141,621393.5730602763,7741224.178136718,141,621394.4006803997,7741226.84348968,220.0,621394.2270327433,7741225.479981151
142,621399.2597891544,7741225.801332691,142,621399.7632373518,7741225.075777001,238.0,621398.4157063492,7741224.625625681
143,621402.9765278596,7741223.961782017,143,621402.1399938957,7741224.139929112,226.0,621402.139646026,7741223.855484749
144,621406.1573863953,7741224.184153748,144,621406.254753662,7741222.075121865,215.0,621406.5491407975,7741223.17889769
145,621409.2096085646,7741223.000961476,145,621410.7705910953,7741223.010969754,219.0,621410.4909734005,7741222.227226988
146,621415.8557775534,7741220.790606415,146,621414.4545637383,7741220.901598321,221.0,621414.4763419207,7741221.411642342
147,621417.3774553693,7741220.256518537,147,621417.9602796404,7741219.817203147,221.0,621418.244909006,7741220.558091299
148,621420.9066355932,7741218.991457867,148,621421.6739617401,7741220.54508484,194.0,621422.1468637723,7741219.723559865
149,621427.1891068476,7741218.716045168,149,621426.249218087,7741218.643679605,214.0,621426.2361269381,7741218.572576212
150,621430.3344399558,7741217.48666416,150,621431.1512784587,7741216.430325073,246.0,621430.3491129528,7741217.420715635
151,621434.2682738451,7741215.116376384,151,621435.3997307807,7741216.771983826,205.0,621434.4201808132,7741216.343624849
152,621436.9925833672,7741216.350412794,152,621437.7764873245,7741214.9151427755,231.0,621438.2594159467,7741215.26619372
153,621441.9038517927,7741215.414312752,153,621441.594152523,7741214.068423258,221.0,621442.1807869176,7741214.169735779
154,621445.8188635798,7741214.333220092,154,621446.065425771,7741213.593071949,229.0,621445.7981447714,7741212.963107347
155,621450.6894845155,7741211.484666205,155,621450.2098949943,7741213.444524665,216.0,621449.7611007619,7741212.067430971
156,621454.993745809,7741210.494889465,156,621454.7851513411,7741210.161629689,255.0,621453.7983516508,7741210.918753834
157,621458.5881930528,7741210.847904155,157,621457.3401646258,7741210.325031701,238.0,621457.4347335587,7741209.747325192
158,621461.1028162339,7741208.67099357,158,621461.7371642318,7741207.294667108,230.0,621461.4035643659,7741208.483212378
159,621466.6244502686,7741207.379541394,159,621464.9606402945,7741207.948275157,236.0,621465.218605081,7741207.343151784
160,621472.7655503376,7741204.112658195,160,621473.8734773338,7741205.1555862175,205.0,621472.7745859288,7741204.807867618
161,621477.7234953613,7741204.4853419345,161,621475.9382845812,7741203.684968106,236.0,621476.6771195551,7741203.436649972
162,621479.8046901802,7741203.515552525,162,621480.6323787553,7741201.352775748,248.0,621480.212209861,7741202.177050498
163,621484.144204599,7741199.65355345,163,621484.5985912377,7741200.803150797,237.0,621484.3373685378,7741200.820260017
164,621487.6426617976,7741199.313059538,164,621487.5398274608,7741200.149542748,248.0,621488.1164697552,7741199.495920214
165,621491.0779896739,7741198.014887157,165,621492.1893574496,7741198.782907735,234.0,621492.0449205913,7741197.994926361
166,621494.5478841774,7741195.484688866,166,621495.858475364,7741196.554698475,232.0,621495.469313258,7741196.6012096675
167,621498.1928894769,7741195.459030139,167,621500.3297486121,7741194.965242536,232.0,621499.4040201596,7741194.7895317
168,621502.1709531924,7741194.61730064,168,621502.9590355387,7741193.108401487,236.0,621503.2046965447,7741193.575409091
169,621507.991934688,7741191.936343927,169,621506.7321365521,7741191.400107721,227.0,621506.8435380028,7741191.93096079
170,621510.9266611408,7741189.144908307,170,621509.7327916886,7741190.538533474,223.0,621510.7083494139,7741190.25224052
171,621513.4240141716,7741189.878135284,171,621514.9170918998,7741187.448749967,241.0,621514.505900564,7741188.459631081
172,621517.646725925,7741187.062174198,172,621519.061561123,7741186.512902078,228.0,621518.1591119309,7741186.791183858
173,621364.1447024018,7741238.747580055,173,621362.4630143421,7741239.054076424,209.0,621363.1005380786,7741238.4750251435
174,621367.5448936359,7741237.255184092,174,621366.3549531827,7741239.484863548,207.0,621366.3465824088,7741238.497241163
175,621368.7673024734,7741238.3022357905,175,621369.5635745168,7741238.489596745,219.0,621369.3498300767,7741237.987880355
176,621374.8187651946,7741238.473075257,176,621373.7674626538,7741235.949438189,221.0,621373.3428482459,7741237.10707448
177,621378.4166754792,7741235.82053422,177,621377.1989049139,7741237.048688091,230.0,621377.3290131766,7741236.672195403
178,621382.6138450655,7741237.110401945,178,621380.8086039148,7741235.087863942,254.0,621381.466200625,7741236.15447984
179,621384.8401794762,7741234.959754691,179,621387.0921540275,7741235.058154485,239.0,621385.5672101534,7741235.29400124
180,621390.4693817436,7741232.955999531,180,621390.835545584,7741234.122306596,204.0,621389.6234804778,7741234.19251515
181,621392.8348531693,7741234.955802899,181,621393.4202683255,7741232.324884459,236.0,621393.3244746383,7741233.57685053
182,621396.4690278879,7741233.636959664,182,621397.46075445,7741233.8103573,229.0,621397.5017247453,7741232.698880411
183,621402.2059324064,7741232.029910521,183,621402.8381661304,7741231.95351625,222.0,621401.4376349495,7741231.902073834
184,621404.9373132137,7741232.68240836,184,621404.4721862542,7741232.116918262,213.0,621405.3478102628,7741231.196178806
185,621409.2237480324,7741230.569918933,185,621409.270263527,7741231.552438583,247.0,621409.5752176391,7741230.288051747
186,621414.3943655046,7741228.904165928,186,621414.6773846642,7741229.576759705,198.0,621413.5371580748,7741229.535557894
187,621417.4763153711,7741229.437319567,187,621418.7327255171,7741229.532195521,238.0,621417.5938874263,7741228.697287124
188,621421.0593921005,7741227.313736593,188,621422.5206812589,7741228.091286866,219.0,621421.5925914987,7741227.556494146
189,621425.8439267164,7741228.018862155,189,621424.6746168768,7741227.422824088,243.0,621425.4066530137,7741226.626505655
190,621427.7214403071,7741224.595148703,190,621428.9230691987,7741224.273621667,214.0,621429.1933077706,7741225.465049918
191,621434.1525262077,7741224.62952964,191,621432.4436398293,7741224.511297322,233.0,621433.0909489219,7741224.28687227
192,621436.5162498591,7741222.372392538,192,621437.687358954,7741223.679432532,241.0,621437.2482129234,7741223.062165149
193,621440.3053437925,7741222.622954764,193,621440.8959802883,7741222.372216432,209.0,621441.0410098039,7741222.369136891
194,621445.1582085997,7741221.751059386,194,621444.2828583632,7741220.500520654,236.0,621444.9419124273,7741221.379818538
195,621447.7747237172,7741221.546125453,195,621448.7986957964,7741221.510642186,215.0,621449.0064742877,7741220.416104424
196,621452.4283182783,7741217.654814009,196,621454.1315432916,7741218.153473567,233.0,621453.1579254768,7741219.120285662
197,621456.9012347672,7741217.686392637,197,621456.2854789095,7741218.094054653,243.0,621456.7968281619,7741217.768225792
198,621461.1832098346,7741217.462624552,198,621462.4947553802,7741216.385760888,247.0,621460.9603475917,7741216.56607311
199,621465.1595299721,7741215.631154385,199,621464.6189815413,7741215.494477184,221.0,621464.512548169,7741215.3120717
200,621467.0083602346,7741214.220708869,200,621469.2833662585,7741214.395227282,229.0,621468.4900385163,7741213.985605111
201,621470.882627234,7741212.583521957,201,621472.1503288394,7741212.582950417,214.0,621472.3507138836,7741212.833006244
202,621475.2849762993,7741212.055043518,202,621475.2698218032,7741211.54311943,219.0,621476.4009273652,7741211.824709797
203,621480.2651931716,7741210.768440125,203,621480.7066523972,7741211.453991059,220.0,621480.165878879,7741210.72238903
204,621483.4094521186,7741209.714855483,204,621484.2866419413,7741209.819970936,232.0,621484.108698477,7741209.021925195
205,621487.4662624107,7741206.600426942,205,621488.9658813869,7741208.245369726,231.0,621488.1700926244,7741207.924383868
206,621493.2817121627,7741205.338555209,206,621491.238654832,7741206.641059058,235.0,621491.8491709435,7741206.204083676
207,621494.6439351757,7741205.328386201,207,621495.6802186234,7741205.304133503,236.0,621495.3268367886,7741204.546570878
208,621498.6229147457,7741202.636537505,208,621498.131248809,7741203.6255491935,232.0,621499.4006186574,7741202.953801576
209,621504.4010607626,7741200.339812014,209,621503.3898226622,7741201.070535909,238.0,621502.9952976742,7741201.768582994
210,621506.0872200467,7741199.115255914,210,621507.1629236756,7741199.421661057,219.0,621507.0373499752,7741200.237857796
211,621510.8788829653,7741197.768415912,211,621511.4410854544,7741198.723488822,226.0,621510.8558347618,7741198.346678577
212,621513.6401024379,7741195.589674391,212,621515.481571579,7741196.747809945,228.0,621514.4397332768,7741196.738019596
213,621517.8498184916,7741196.343519309,213,621517.5463788264,7741195.292046561,232.0,621518.0803303791,7741195.315602066
214,621521.4747241791,7741194.152268659,214,621523.191175618,7741193.8659926355,249.0,621521.9459707277,7741193.629322684
215,621362.8149573274,7741246.212494285,215,621362.492723799,7741247.654964168,183.0,621362.9068255684,7741246.640130548
216,621366.6379815185,7741246.268908204,216,621367.3502199854,7741246.674552093,197.0,621366.2829249548,7741246.0833394425
217,621368.9737718586,7741246.029870603,217,621370.573696048,7741244.639454302,222.0,621370.365925019,7741245.312638738
218,621372.994450711,7741243.888671274,218,621374.4656348885,7741245.946670402,239.0,621374.4441678898,7741244.603520175
219,621380.2185799846,7741242.295155788,219,621378.2535906301,7741244.47605229,230.0,621378.8574815685,7741243.716573886
220,621381.3409231129,7741244.284713433,220,621381.9524180015,7741242.842032166,229.0,621382.817068582,7741243.379883079
221,621385.8448513581,7741242.689608841,221,621386.3494176076,7741242.218133573,211.0,621386.8632313183,7741242.259238165
222,621392.5581004738,7741242.583549943,222,621392.692386634,7741241.891329549,204.0,621391.0786038873,7741241.648680184
223,621396.2920186538,7741240.541568091,223,621395.1731262765,7741240.6880965475,228.0,621395.0049311,7741241.241771514
224,621397.7772752619,7741240.454253656,224,621399.1987576726,7741240.688096548,224.0,621399.1178684819,7741240.385303043
225,621402.5962610032,7741238.049638697,225,621403.0758417847,7741239.395735178,218.0,621403.1900928692,7741239.441678179
226,621407.3862457228,7741237.702443836,226,621408.482962922,7741238.4598872885,244.0,621407.463959098,7741238.647803959
227,621411.227842166,7741238.058347698,227,621411.8252768117,7741239.321461535,210.0,621411.400753583,7741237.5465206485
228,621415.5916062099,7741237.51380197,228,621415.2864285286,7741236.528772596,233.0,621415.407836043,7741236.640029345
229,621419.4210493709,7741235.715224845,229,621420.8718064065,7741234.508529535,225.0,621419.8177125278,7741235.6765282415
230,621423.0314899401,7741235.241195743,230,621422.5949549008,7741234.657076818,237.0,621423.6038186353,7741235.037263804
231,621427.400452168,7741233.995550716,231,621429.3835657792,7741234.419401164,216.0,621427.660752753,7741233.7257057885
232,621433.1008234501,7741233.092488022,232,621432.770443854,7741232.948783052,252.0,621431.7568092515,7741232.62498369
233,621434.9796137358,7741231.883561702,233,621436.6772374229,7741232.547705386,238.0,621435.9400816594,7741231.486179108
234,621440.640538135,7741231.202876805,234,621440.2720816955,7741230.690864336,230.0,621439.8636696739,7741230.259896311
235,621445.5035963393,7741229.710140841,235,621442.6785476961,7741228.744894916,230.0,621444.0601112801,7741229.388872806
236,621447.8750676464,7741227.471280816,236,621447.0606925738,7741229.2053914955,226.0,621447.9280175307,7741228.4023599215
237,621453.0392427292,7741227.91704793,237,621452.0518813159,7741225.83336815,220.0,621452.0360325469,7741227.135123584
238,621456.2864558117,7741224.496996434,238,621456.8648133171,7741225.105486458,204.0,621455.8771528597,7741225.979513116
239,621459.013832854,7741223.533714425,239,621459.06331312,7741225.72938505,247.0,621459.7687406059,7741224.898513142
240,621462.9997344273,7741222.914729998,240,621463.3266201705,7741224.451878409,241.0,621463.8592962747,7741223.410620269
241,621469.5003867385,7741222.265052062,241,621469.8329912092,7741222.372216433,236.0,621468.1373806113,7741222.083591827
242,621472.280038292,7741219.909771667,242,621471.570994432,7741220.3371186415,233.0,621471.8073687267,7741221.305133047
243,621474.6826548876,7741221.021125555,243,621475.373804902,7741220.857034136,233.0,621475.7445951711,7741219.941061626
244,621480.211518139,7741218.479005891,244,621478.9240849894,7741219.223014012,208.0,621480.0241183195,7741218.442321872
245,621485.0139737262,7741216.933649854,245,621484.4797534104,7741218.287166122,255.0,621483.7227223454,7741217.101646678
246,621488.1543943558,7741215.413897724,246,621487.3912801767,7741216.356051431,221.0,621487.7288998369,7741215.616282008
247,621490.0307062537,7741213.756231749,247,621491.2535095604,7741214.068423257,231.0,621491.4390383967,7741214.262266516
248,621495.3323143289,7741213.781910406,248,621495.8139111788,7741213.058301726,233.0,621495.6135932558,7741212.899547371
249,621499.3324593703,7741210.850023897,249,621499.9435256738,7741211.795649813,233.0,621499.6256438275,7741211.086928468
250,621504.5334389303,7741209.744212502,250,621502.9144713536,7741208.735575763,227.0,621503.5821230862,7741209.366546708
251,621506.2776951347,7741207.138534699,251,621507.7422580832,7741207.012427269,230.0,621507.2347355287,7741207.744094566
252,621509.6804261644,7741207.335418698,252,621511.3371023558,7741206.759896886,228.0,621511.1485470813,7741206.033432116
253,621513.3645417193,7741204.677547271,253,621515.1102033689,7741203.343309354,202.0,621514.691063142,7741204.477331066
254,621518.5742859432,7741201.594443066,254,621517.7989092092,7741203.046214785,237.0,621518.6282267164,7741202.88212461
255,621522.7513172386,7741200.739115768,255,621522.8198074079,7741202.570863477,236.0,621522.6884166388,7741201.38777228
256,621378.1683185913,7741250.497304043,256,621376.976083988,7741252.051963774,235.0,621377.2407050282,7741251.337061011
257,621380.6355837561,7741249.939131407,257,621380.3035431493,7741250.299105822,221.0,621381.3188797368,7741250.9914827505
258,621384.9482758436,7741250.0946724815,258,621385.8146473853,7741251.517193551,225.0,621385.4080686147,7741250.276527138
259,621390.2523888297,7741250.597928203,259,621390.3601942754,7741249.081018094,217.0,621389.6448608701,7741249.532825442
260,621393.1399891872,7741249.529603649,260,621393.2271568562,7741248.011477649,218.0,621393.6246117833,7741249.010269915
261,621396.8331647319,7741248.8161756545,261,621398.248055055,7741250.180267995,249.0,621397.813710098,7741248.583253571
262,621400.8216058331,7741247.566789187,262,621401.1447270929,7741248.382845859,216.0,621401.9570348291,7741247.578346371
263,621405.1798374787,7741246.496624318,263,621405.2594868593,7741245.352481266,201.0,621405.8126135383,7741246.855605527
264,621410.3670444387,7741247.16303974,264,621410.7260269101,7741246.763680464,223.0,621409.8441167509,7741245.925958572
265,621414.85466265,7741245.490783123,265,621412.657141602,7741245.857542031,215.0,621413.5960761401,7741245.061195861
266,621417.4681899032,7741244.14462776,266,621417.3363810476,7741243.688751685,239.0,621417.7636377536,7741243.930533456
267,621421.2718231903,7741242.110053945,267,621420.8718064065,7741242.574647055,229.0,621421.569561542,7741243.095444297
268,621525.342120083,7741191.571017099,268,621524.5281011739,7741191.726911746,237.0,621525.532069779,7741191.812398984
269,621530.0743403549,7741189.392794799,269,621530.1134790519,7741189.468993029,215.0,621529.2585991726,7741189.961808389
270,621526.6946224842,7741201.103574169,270,621527.3504995697,7741198.931455019,227.0,621526.3328294717,7741199.624808394
271,621531.3541390835,7741198.563298851,271,621530.1283337803,7741197.683657833,224.0,621530.4492798042,7741198.022430493
272,621535.2388417213,7741197.659562065,272,621533.0547152748,7741196.317022821,234.0,621534.161249982,7741196.58595044
273,621538.1406901069,7741195.411375709,273,621536.8872352017,7741194.93553308,204.0,621536.8355475377,7741194.522433749
274,621540.0203376358,7741194.359417294,274,621540.4226605607,7741193.256948771,246.0,621539.5639450155,7741192.8847152805
275,621424.97859764,7741241.122647162,275,621426.2789275437,7741241.891329548,223.0,621425.4319600433,7741241.904174944
276,621429.3102681657,7741242.20017395,276,621429.3538563224,7741240.6880965475,210.0,621429.4826268032,7741241.184665509
277,621433.5503640241,7741241.510127711,277,621433.2309404344,7741241.430832968,241.0,621433.3911982379,7741240.0613645185
278,621438.5619937488,7741238.256822114,278,621437.8804704234,7741238.088519079,223.0,621437.1886576082,7741238.7244864525
279,621440.0091979884,7741236.409921584,279,621439.9601323991,7741238.890674412,201.0,621441.1613228881,7741237.731472038
280,621444.1511907042,7741235.896228272,280,621445.2484157091,7741235.815745634,216.0,621445.0407883461,7741236.915351448
281,621447.683605524,7741235.524353395,281,621449.3037565621,7741234.701641004,201.0,621449.1357759377,7741235.774964601
282,621454.038913635,7741233.26528642,282,621452.764908279,7741235.904874004,212.0,621452.7164622572,7741234.6925489865
283,621456.3254198885,7741234.783491909,283,621455.8695465142,7741233.869776214,226.0,621456.8601661487,7741233.5199141195
284,621460.8410263157,7741233.233044344,284,621460.3705292192,7741231.507874398,209.0,621460.898927424,7741232.601260114
285,621463.966948436,7741231.097052925,285,621465.168606492,7741231.21077983,231.0,621464.6681658771,7741231.260184273
286,621469.8354817473,7741230.372700621,286,621468.0058596162,7741229.190536767,243.0,621468.5613400034,7741230.064735118
287,621473.4420908863,7741228.238308786,287,621473.0416125434,7741229.948127916,238.0,621472.4437203787,7741228.911021903
288,621475.9911866813,7741227.30895286,288,621476.4730548034,7741226.175026903,230.0,621476.3831955694,7741227.614593562
289,621478.7606531208,7741225.119300438,289,621480.2015916316,7741225.016358088,247.0,621480.0391462988,7741226.295360381
290,621486.5346582531,7741222.148916681,290,621486.8862194112,7741223.857689273,210.0,621487.5713453572,7741223.451583801
291,621490.4610050628,7741222.730084239,291,621492.0853743508,7741220.946162506,235.0,621491.6524534939,7741221.969809603
292,621496.6355909846,7741221.187366994,292,621494.699806549,7741220.767905765,230.0,621495.582944988,7741220.369892264
293,621498.9309724042,7741220.176006844,293,621499.6315763774,7741218.03463574,215.0,621499.3215787284,7741218.980960594
294,621503.6992911994,7741217.032732391,294,621503.1670017364,7741218.8070816165,230.0,621503.3747739,7741217.616391328
295,621508.5929022081,7741217.339199644,295,621507.4897277004,7741215.910409579,222.0,621507.2745322242,7741216.384911172
296,621511.2199678844,7741213.981544021,296,621510.416109195,7741215.657879196,189.0,621511.0384742353,7741214.64180298
297,621514.6733829326,7741213.257725419,297,621515.0507844554,7741214.023859072,206.0,621514.5796546104,7741213.290313227
298,621518.6134640287,7741213.022230679,298,621518.8981591107,7741213.147430097,240.0,621518.2299179452,7741211.786976935
299,621523.2960854148,7741211.4264294,299,621521.7651216916,7741209.656568923,235.0,621522.3250920739,7741209.947951554
300,621525.3079171369,7741207.620652965,300,621525.9690098286,7741208.9881061455,235.0,621526.0104292885,7741208.017452162
301,621529.9375745826,7741206.855039435,301,621529.1182122491,7741205.616082799,199.0,621529.5909676842,7741206.167776084
302,621532.6927290704,7741204.031772158,302,621532.8616038057,7741204.605961268,188.0,621533.4752195289,7741204.751052716
303,621535.8129847028,7741204.155069044,303,621537.4368601524,7741202.645137118,230.0,621537.1413636628,7741203.109804038
304,621540.7153524783,7741200.87191907,304,621541.2842348078,7741200.981407538,234.0,621540.7245328772,7741200.98865207
305,621543.198940276,7741198.3620234355,305,621543.9877953765,7741200.342654217,231.0,621544.5053893094,7741199.327173324
306,621546.1090994917,7741197.45060198,306,621547.4786565502,7741197.5648200065,204.0,621546.7271312955,7741197.95848697
307,621548.1371323114,7741196.491951833,307,621549.3354976,7741196.257603907,233.0,621549.4839105842,7741196.529778951
308,621560.4291133194,7741200.270241902,308,621561.0261688499,7741198.292701698,213.0,621560.7425755191,7741199.498787755
309,621555.6051463995,7741201.122328907,309,621555.9755611942,7741201.51617776,227.0,621556.829256669,7741201.5358775
310,621554.724299039,7741204.577829863,310,621552.8560682305,7741202.82339386,218.0,621553.3854625265,7741203.538800642
311,621550.4025201525,7741205.026568896,311,621550.1227982051,7741204.472268713,218.0,621549.9121085237,7741205.333920281
312,621571.9250478119,7741200.7823571,312,621571.9592489515,7741203.001650601,216.0,621570.7322474959,7741202.2601158945
313,621568.4100872689,7741204.091047979,313,621567.0868980367,7741205.200150404,224.0,621567.2169095707,7741204.05518444
314,621563.665015573,7741205.794042956,314,621564.1902259989,7741207.146119824,211.0,621563.9259301558,7741206.269217829
315,621559.3326805648,7741208.535493956,315,621560.9816046647,7741208.973251417,215.0,621560.692092475,7741208.0442623235
316,621558.4863008278,7741209.50663309,316,621556.5548956018,7741210.562707356,207.0,621557.0928998747,7741210.184284835
317,621579.7504771187,7741205.606493284,317,621580.6641197932,7741203.982062675,218.0,621580.6374475665,7741205.324798695
318,621576.1747008306,7741208.039744363,318,621577.2178228047,7741207.9631298855,191.0,621577.4886677932,7741207.616643002
319,621574.9117270281,7741211.042733916,319,621574.2617318532,7741211.275734318,222.0,621574.0811677265,7741209.933971759
320,621569.5122943195,7741210.570634321,320,621571.3947692724,7741212.419548405,197.0,621570.5482788488,7741211.633853174
321,621565.1647211453,7741213.903568524,321,621565.5420062831,7741214.989416419,218.0,621566.5983445526,7741213.854436175
322,621563.4478093153,7741216.989060942,322,621562.8087362577,7741215.167673159,219.0,621563.1456147388,7741215.741494247
323,621545.1419557658,7741207.635157023,323,621545.7406533275,7741207.086700911,225.0,621545.8781127956,7741206.900831124
324,621541.5062918924,7741210.252007826,324,621542.9182549317,7741208.720721033,232.0,621542.4331174602,7741208.796726823
325,621538.8723431815,7741211.720272611,325,621538.313289128,7741211.335153231,211.0,621538.7229999827,7741210.554617854
326,621535.6633848839,7741213.137055433,326,621534.5253333863,7741212.419548405,240.0,621534.9287796593,7741212.308124639
327,621553.8448073599,7741213.21081747,327,621554.2672674285,7741211.320298504,233.0,621553.9106286626,7741211.771925704
328,621586.6270031529,7741210.710861467,328,621586.5911564244,7741210.815237738,219.0,621586.6851931574,7741210.950801976
329,621582.8187096744,7741214.051577965,329,621583.9915789546,7741211.795649813,223.0,621583.881169314,7741212.866567703
330,621580.9573419128,7741214.195430674,330,621581.0800521885,7741215.509331912,231.0,621580.334345688,7741214.764638573
331,621576.0433303752,7741215.798266723,331,621577.2623869899,7741215.316220444,233.0,621576.9501316476,7741216.650749971
332,621573.5042655942,7741219.443996276,332,621574.3508602236,7741219.089321457,215.0,621573.5018867481,7741218.896097636
333,621570.5922728097,7741220.373753825,333,621570.4143571979,7741219.846912605,217.0,621569.7882532711,7741220.618622232
334,621566.6433303867,7741221.357361222,334,621566.9977696663,7741222.654456272,195.0,621566.4853004385,7741222.428847466
335,621530.348580392,7741215.384045328,335,621531.346421509,7741214.870578591,219.0,621531.214431285,7741214.284193876
336,621526.6276934252,7741215.974939632,336,621527.885269792,7741215.969828492,228.0,621527.3481973585,7741215.762264641
337,621523.6529702471,7741216.279845491,337,621522.6861148524,7741217.811814814,228.0,621523.9161477669,7741217.302264193
338,621551.1561486406,7741214.640852434,338,621550.8655346251,7741213.979294887,180.0,621550.3023291737,7741213.654364482
339,621546.5827163106,7741215.941193002,339,621547.6866227477,7741216.326341974,237.0,621546.7414913423,7741215.372283181
340,621542.6549540359,7741217.592440184,340,621542.9628191169,7741216.6382912705,221.0,621543.1917195356,7741216.896192822
341,621539.7709705994,7741217.180166711,341,621540.3038227335,7741219.178449826,191.0,621539.6133534618,7741218.659412069
342,621558.3108959858,7741216.751126393,342,621560.209158788,7741217.232480407,237.0,621559.5044316954,7741217.259171318
343,621554.4159369146,7741218.957091003,343,621555.2773889595,7741220.485665926,228.0,621555.8558095264,7741218.970694665
344,621553.6096257614,7741222.706661904,344,621552.3955716501,7741221.718608383,232.0,621552.1429724585,7741221.264489096
345,621586.5167685713,7741220.491906025,345,621586.8288320787,7741219.3864160245,233.0,621586.9949007303,7741219.440826446
346,621584.6124239893,7741222.434809755,346,621583.7093391151,7741221.035290876,228.0,621584.3788174473,7741220.942952365
347,621580.0322237181,7741223.214166,347,621582.0307548059,7741222.713875186,229.0,621580.8687597611,7741223.224841695
348,621577.6346713413,7741226.686445657,348,621577.3515153603,7741226.011624889,237.0,621577.29866772,7741225.237937868
349,621572.6796061901,7741227.797558693,349,621574.5885358781,7741227.378259903,218.0,621573.5057373954,7741226.930867692
350,621586.1073338515,7741228.388038472,350,621585.9375483749,7741229.457921879,210.0,621586.5615015269,7741228.181190213
351,621584.3516283905,7741230.611146199,351,621583.8727411273,7741230.408624496,193.0,621583.2519014679,7741230.229698994
352,621580.1464651729,7741232.802588882,352,621580.6344103364,7741233.394424904,236.0,621579.5780580976,7741232.2402147
353,621568.5951982797,7741227.349557852,353,621571.0234010624,7741228.952861113,213.0,621570.060137011,7741228.7524710335
354,621566.7719303822,7741230.025791465,354,621566.9086412959,7741230.527462323,191.0,621566.4137240604,7741230.928393487
355,621563.3791986549,7741224.920920144,355,621563.7594388754,7741224.6152804205,197.0,621562.8930176861,7741224.167627252
356,621558.240725392,7741225.048716131,356,621559.6298243804,7741226.531540384,230.0,621559.3998918654,7741226.06581199
357,621555.1108868209,7741227.586566852,357,621556.6291692437,7741227.378259903,225.0,621555.6302153997,7741227.951530374
358,621553.648140761,7741230.962995927,358,621551.8459466994,7741229.249955681,206.0,621552.1967669687,7741229.494770222
359,621549.7659972842,7741224.277815616,359,621547.434092365,7741222.7732941,203.0,621548.3476535043,7741223.089459455
360,621543.797533644,7741223.699497059,360,621546.2457140931,7741224.555861507,227.0,621544.522861179,7741224.649003663
361,621542.2844766745,7741224.949899284,361,621540.8980118695,7741226.249300545,215.0,621541.1738408986,7741226.405819551
362,621537.4345283576,7741227.232855695,362,621536.783252103,7741228.106141594,237.0,621537.2343222898,7741228.342815981
363,621534.7109147534,7741221.612449713,363,621535.7879853002,7741220.307409185,213.0,621535.8917380619,7741220.184464112
364,621532.0536140852,7741221.38267514,364,621532.0445937437,7741221.985993494,225.0,621532.259458455,7741221.62110591
365,621529.225264772,7741224.586675191,365,621528.3903305576,7741223.456611606,215.0,621528.8973934102,7741223.420014706
366,621518.937778899,7741217.524919973,366,621519.5369124318,7741219.14874037,217.0,621519.8806685284,7741218.951104388
367,621516.8968592011,7741222.27087272,367,621515.7341019617,7741220.827324679,206.0,621515.948819682,7741220.817732902
368,621510.8623323804,7741222.922755843,368,621512.391788072,7741222.327652248,222.0,621512.208313007,7741222.5244799135
369,621508.1444704969,7741224.701779826,369,621509.5693896762,7741224.06565547,207.0,621508.4024194503,7741223.750523007
370,621504.635902271,7741224.629273283,370,621504.5187820207,7741224.823246619,220.0,621504.7093536779,7741224.955341463
371,621500.7905769993,7741225.6172472,371,621500.3000391553,7741225.848222878,220.0,621500.8783460527,7741226.556978849
372,621495.7943825165,7741227.318996218,372,621497.715316414,7741229.056844211,207.0,621497.1639072058,7741228.163307842
373,621490.4657813032,7741232.235825015,373,621489.0401550289,7741230.794847434,223.0,621489.6212509942,7741230.751826067
374,621484.946129691,7741232.695035474,374,621486.2029019048,7741232.621979027,223.0,621485.6063776939,7741231.9708121065
375,621523.5607306409,7741225.231589374,375,621524.7360673714,7741224.496442593,191.0,621524.7929980279,7741225.048997462
376,621522.2806245686,7741225.960015398,376,621522.2553277289,7741226.888053866,228.0,621521.257269836,7741226.179548957
377,621517.6646230652,7741226.777835884,377,621516.8333518633,7741228.492364532,232.0,621517.8637798495,7741228.060943093
378,621513.6225494015,7741230.139387255,378,621514.070372381,7741230.334350854,206.0,621514.1933640944,7741229.807969925
379,621482.8177487563,7741232.252592221,379,621480.513540928,7741233.305296535,230.0,621481.6339983419,7741233.33726216
380,621510.6700450295,7741231.926904177,380,621510.9211699605,7741231.923806793,219.0,621510.4090483072,7741231.390810191
381,621507.7258200985,7741234.221900108,381,621506.3756230705,7741232.250610818,215.0,621506.4790213604,7741232.8072288735
382,621501.5468392033,7741233.219610721,382,621503.8800286994,7741234.8204788305,224.0,621502.951119999,7741234.281654367
383,621534.070896308,7741229.049543706,383,621532.3416883117,7741229.606469163,220.0,621533.5172053252,7741230.02419307
384,621530.8834402803,7741230.979178434,384,621530.5442661754,7741230.943394719,230.0,621529.5392814898,7741231.836021283
385,621476.7449965416,7741235.478003354,385,621477.8545445447,7741233.424134362,217.0,621477.7258248754,7741234.723586925
386,621474.6040167517,7741235.984333352,386,621473.2198692842,7741234.894752474,231.0,621474.1135532433,7741236.040968957
387,621574.723958607,7741233.118886925,387,621575.554093224,7741232.904218867,221.0,621575.9194060348,7741233.887903632
388,621572.5510460661,7741237.147164483,388,621573.7269616309,7741235.994002374,225.0,621572.4599376037,7741235.901129128
389,621586.0214025648,7741237.960042095,389,621586.8436868072,7741236.2910969425,231.0,621586.2180468523,7741236.814029989
390,621471.7402365569,7741237.782889325,390,621471.3184640491,7741238.415323103,247.0,621470.2919756263,7741237.256773279
391,621466.440177365,7741237.53013497,391,621467.0254475418,7741239.692829746,208.0,621466.6287218278,7741238.667879281
392,621462.388389377,7741239.777522129,392,621462.3313533678,7741240.524694536,213.0,621462.4184091999,7741240.3055970315
393,621458.3733643439,7741241.449058627,393,621459.6129380708,7741241.594234981,211.0,621458.5457637588,7741241.206679972
394,621454.0363637483,7741241.649219686,394,621454.3098000324,7741241.742782264,225.0,621454.7178951903,7741242.089212066
395,621451.74336235,7741242.377943036,395,621451.1754523403,7741243.659042228,210.0,621450.8407446694,7741243.349651166
396,621446.6035683588,7741245.365513126,396,621446.6893243638,7741244.431488104,197.0,621446.909589692,7741244.226537053
397,621442.7580078368,7741246.46128032,397,621443.9857637952,7741245.560447464,221.0,621442.8763524697,7741245.026349727
398,621498.162464822,7741235.298562533,398,621497.8935731547,7741235.682053078,241.0,621499.036524798,7741235.735127832
399,621495.1304563555,7741235.998422423,399,621495.6356544382,7741238.4598872885,209.0,621495.4996821724,7741237.172885683
400,621493.007448153,7741238.2798159,400,621491.2683642888,7741237.568603585,211.0,621491.8903414647,7741238.450880054
401,621486.6038744799,7741240.646193127,401,621488.0894524115,7741240.747515462,222.0,621487.9781338058,7741239.657069939
402,621485.8299728492,7741241.771953884,402,621484.9848141761,7741240.940626931,226.0,621484.4236102761,7741241.138996991
403,621476.3946250326,7741242.392745127,403,621476.4433453467,7741242.6043565115,215.0,621476.3245741943,7741243.21089786
404,621526.8849773504,7741233.666116702,404,621526.429506409,7741232.072354077,240.0,621525.8065585183,7741233.533220209
405,621522.4916668457,7741233.658388066,405,621523.5773985564,7741235.815745633,215.0,621522.1177441962,7741234.835575268
406,621547.1841378185,7741232.545039578,406,621548.6521800937,7741231.923806793,227.0,621548.673059407,7741231.190773877
407,621544.1439206251,7741233.865593898,407,621545.7406533274,7741234.048032954,234.0,621545.0410466985,7741233.160714488
408,621540.4482486502,7741233.454303043,408,621540.8534476842,7741234.330272794,232.0,621541.3964052252,7741234.664942932
409,621538.8476374241,7741235.124342157,409,621536.931799387,7741235.919728733,222.0,621537.704982349,7741235.904665502
410,621519.466146127,7741235.323947318,410,621519.1209800368,7741237.776569782,197.0,621518.540526402,7741236.800962468
411,621515.4515099224,7741238.133737186,411,621513.7287136279,7741237.910262338,194.0,621514.3754106384,7741238.081523013
412,621510.5485479478,7741238.949917906,412,621510.3566902814,7741239.9305054,226.0,621510.7353193988,7741239.485247346
413,621507.9535307143,7741239.535060173,413,621506.9698122063,7741241.668508623,211.0,621506.9376005275,7741240.91074822
414,621501.5743925984,7741242.058263833,414,621503.3601132055,7741241.534816068,216.0,621502.8099774378,7741242.21403523
415,621498.7717220979,7741244.342942405,415,621498.8591305006,7741244.119538808,224.0,621498.9441872966,7741243.885606041
416,621473.0648665561,7741245.842623996,416,621472.1057646542,7741244.9662583275,205.0,621472.7367475434,7741244.597051699
417,621440.0830650752,7741245.454372198,417,621439.8115851152,7741246.4962953525,208.0,621439.0440211315,7741246.22178562
418,621435.0214474734,7741246.527633366,418,621435.1026362127,7741247.07562976,210.0,621434.858866255,7741246.98923077
419,621431.550577223,7741247.625953247,419,621431.4483730266,7741247.565835796,220.0,621431.3172489823,7741248.348778783
420,621425.9487235595,7741248.595339703,420,621427.0365186922,7741249.318693749,220.0,621427.2189398424,7741249.406969941
421,621424.1897516648,7741251.148858421,421,621422.8177758268,7741250.388234193,217.0,621423.3989654987,7741250.160914625
422,621418.4208888902,7741251.471897601,422,621420.2776172706,7741251.769723934,217.0,621419.5646631733,7741250.963604727
423,621414.309307571,7741252.139120246,423,621415.7320703806,7741252.007399588,206.0,621415.8030274905,7741251.775685127
424,621372.5077915424,7741250.973847613,424,621372.9801620486,7741252.096527958,206.0,621373.3940101818,7741251.820616122
425,621370.1525407945,7741253.001532936,425,621368.4049057018,7741251.71030502,209.0,621368.9173606224,7741252.072327918
426,621412.8268350392,7741251.039236794,426,621411.2459424041,7741252.245075243,199.0,621411.6185335375,7741252.059920846
427,621470.090399901,7741244.663340767,427,621467.812748147,7741246.258619698,229.0,621468.7477481002,7741245.710923429
428,621464.142790979,7741246.502574046,428,621464.0396471337,7741246.867663562,231.0,621464.7517416279,7741247.09184521
429,621461.1437777502,7741249.375676422,429,621460.1328535648,7741248.620521513,205.0,621460.6633671635,7741248.331076789
430,621455.4858327204,7741248.118224732,430,621457.0133606009,7741248.783923526,225.0,621456.9838691693,7741249.48283175
431,621454.1247659454,7741249.220271948,431,621452.7351988222,7741251.740014477,232.0,621452.9336201446,7741250.326147992
432,621447.6949208995,7741251.139132816,432,621449.675124772,7741250.923004416,194.0,621449.1352354678,7741251.41240023
433,621445.6609926387,7741250.71879604,433,621444.8621927708,7741251.606321922,194.0,621445.388275395,7741251.896746045
434,621535.033288563,7741236.558377014,434,621534.0499820776,7741237.449765758,225.0,621534.3066434477,7741237.906590348
435,621531.9555761787,7741238.929970556,435,621531.8217728178,7741240.569258721,234.0,621530.6235183812,7741239.367190368
436,621526.1971609156,7741239.722190211,436,621527.3504995697,7741242.084441018,208.0,621527.1808761618,7741240.981789594
437,621563.8235592274,7741231.798315543,437,621562.7344626158,7741232.265465546,240.0,621562.9198738458,7741232.979841139
438,621558.6998515552,7741234.428683552,438,621559.3030203556,7741235.622634164,199.0,621559.4806868294,7741234.688467118
439,621557.1430860647,7741236.630631127,439,621554.9505849347,7741235.919728733,234.0,621555.9679756915,7741236.497782601
440,621552.3129529846,7741237.830305492,440,621552.2618790946,7741238.742127128,229.0,621552.26979263,7741238.303800919
441,621548.5777505336,7741239.454724506,441,621548.9938388468,7741241.178302585,193.0,621548.5531849652,7741239.976391874
442,621545.6327648847,7741242.668254618,442,621545.3395756608,7741242.322116672,217.0,621544.9586908893,7741241.770608308
443,621541.837281278,7741241.968509718,443,621541.2693800795,7741244.253231364,220.0,621541.3004993618,7741243.052019837
444,621536.7707674139,7741245.831906871,444,621538.313289128,7741243.956136796,236.0,621537.4523195322,7741244.644086587
445,621570.2349770936,7741236.516237162,445,621569.1219958273,7741236.825867165,215.0,621568.9846175059,7741237.761262628
446,621564.354418088,7741239.32749258,446,621564.5170300237,7741240.287018882,219.0,621565.4813731213,7741239.719508899
447,621562.6568300693,7741240.349086295,447,621561.1301519488,7741242.084441018,236.0,621561.821680534,7741241.582006814
448,621559.2507777959,7741242.415717162,448,621559.0356352445,7741243.956136797,215.0,621558.3106610621,7741243.244441137
449,621555.0707541942,7741245.780669047,449,621554.9060207495,7741243.926427339,216.0,621554.6083764125,7741245.294195133
450,621550.3072927025,7741247.209868489,450,621550.0930887484,7741246.110072414,222.0,621550.6030262512,7741246.995355523
451,621546.1506651181,7741248.503462276,451,621547.3598187229,7741247.90749455,222.0,621547.012577505,7741248.649161741
452,621581.7118702901,7741239.399079195,452,621583.337970905,7741239.737393931,234.0,621582.8241920816,7741238.874364885
453,621577.8423754,7741240.791427705,453,621579.5203057065,7741240.108762141,213.0,621579.2523569238,7741240.907406336
454,621575.4141172379,7741242.533166309,454,621576.5790694836,7741242.470663956,230.0,621575.6388226664,7741242.600678268
455,621570.6710366188,7741243.486992817,455,621571.4096240008,7741243.243109833,214.0,621571.9840582155,7741244.443221265
456,621494.8216381462,7741245.931844102,456,621493.9273606722,7741245.902106216,187.0,621495.2247920774,7741245.180278356
457,621490.905694492,7741246.227037389,457,621491.7437155975,7741247.343014871,205.0,621491.3453259091,7741246.843863889
458,621488.7154155188,7741246.684320909,458,621487.2427328927,7741247.684673624,218.0,621487.3495430078,7741248.13693942
459,621484.3170183757,7741248.057236102,459,621482.5932029039,7741249.066163365,210.0,621483.222400344,7741249.41097339
460,621480.2282209566,7741251.142133496,460,621479.3400173846,7741249.48209576,225.0,621479.5736159357,7741250.538497785
461,621475.5660550504,7741251.297729624,461,621474.6459232105,7741252.096527958,231.0,621475.7373782006,7741251.780631144
462,621522.4084294003,7741241.152538921,462,621524.3052802479,7741240.747515461,201.0,621523.4480337613,7741242.319240319
463,621520.4947824981,7741243.068858311,463,621519.8340069999,7741244.7137279445,230.0,621519.6384992021,7741243.730869379
464,621515.0685907397,7741243.8780496605,464,621515.481571579,7741243.6441875,231.0,621516.1050835076,7741244.8695286
465,621512.2786483632,7741246.588933252,465,621513.0453961216,7741247.090484488,190.0,621512.7000082984,7741246.492474083
466,621509.4766469201,7741247.567716557,466,621509.3465687503,7741248.0263323765,224.0,621509.006118502,7741247.856986395
467,621504.8739123377,7741250.070720513,467,621505.6328866505,7741248.679940428,199.0,621505.2421692433,7741249.514902731
468,621502.6805228164,7741251.20552142,468,621502.11231602,7741250.328815279,228.0,621501.6862792362,7741250.897553114
469,621497.4752947582,7741250.892556884,469,621497.5519144016,7741251.205244254,196.0,621497.9641124296,7741251.820297365
470,621534.6654566734,7741246.567323956,470,621534.0499820776,7741246.184346057,221.0,621533.763518879,7741246.282643478
471,621583.3334468498,7741247.031080618,471,621585.1353930413,7741245.337626537,215.0,621584.6618051045,7741245.829223296
472,621581.4199183529,7741246.492582395,472,621580.1590590277,7741248.561102599,225.0,621580.9198946335,7741247.78767374
473,621576.9984107963,7741251.051876392,473,621576.9652924219,7741250.165413266,201.0,621577.295313584,7741249.76369635
474,621569.6564109297,7741246.5367199965,474,621568.4683877777,7741246.184346056,220.0,621568.5081467578,7741246.275400067
475,621565.9754110009,7741248.188935095,475,621564.9478171471,7741248.4571195,214.0,621564.6980783384,7741248.015801394
476,621529.833246789,7741246.607259706,476,621530.380864163,7741247.996622921,193.0,621529.8740483839,7741247.629190903
477,621525.8057963778,7741248.914446172,477,621524.8846146555,7741248.709649884,227.0,621526.1405787985,7741249.016445334
478,621522.1650190864,7741249.966106999,478,621521.4086082102,7741250.566490933,221.0,621522.5523966422,7741250.596424394
479,621544.5224105407,7741250.90038782,479,621543.3490420552,7741250.031720711,230.0,621543.4556425288,7741250.017700655
480,621539.1535530973,7741251.115994015,480,621539.1600086468,7741251.591467193,233.0,621539.4087492509,7741251.457928356
481,621561.4373582081,7741248.187269048,481,621561.6055032575,7741250.343670008,235.0,621561.3150865203,7741249.676201737
482,621558.6485088887,7741251.670296467,482,621558.382027195,7741251.90341649,219.0,621557.8060438192,7741251.44189166
483,621574.3881509696,7741250.464002565,483,621573.6081238037,7741251.933125947,194.0,621573.6235433541,7741251.707151899
